,name,date,platform,score,url,ratings,userscore
0,The Legend of Zelda: Breath of the Wild,"March 3, 2017",Switch,97,/game/switch/the-legend-of-zelda-breath-of-the-wild,16753,8.7
1,Super Mario Odyssey,"October 27, 2017",Switch,97,/game/switch/super-mario-odyssey,5947,8.9
2,Divinity: Original Sin II - Definitive Edition,"September 4, 2019",Switch,93,/game/switch/divinity-original-sin-ii---definitive-edition,301,8.5
3,Hades,"September 17, 2020",Switch,93,/game/switch/hades,507,9.0
4,Ori and the Will of the Wisps,"September 17, 2020",Switch,93,/game/switch/ori-and-the-will-of-the-wisps,264,8.8
5,Undertale,"September 18, 2018",Switch,93,/game/switch/undertale,395,8.1
6,Super Smash Bros. Ultimate,"December 7, 2018",Switch,93,/game/switch/super-smash-bros-ultimate,3021,8.6
7,Celeste,"January 25, 2018",Switch,92,/game/switch/celeste,899,8.6
8,Bayonetta 2,"February 16, 2018",Switch,92,/game/switch/bayonetta-2,464,8.5
9,Mario Kart 8 Deluxe,"April 28, 2017",Switch,92,/game/switch/mario-kart-8-deluxe,2096,8.6
10,INSIDE,"June 28, 2018",Switch,91,/game/switch/inside,208,8.6
11,Dragon Quest XI S: Echoes of an Elusive Age - Definitive Edition,"September 27, 2019",Switch,91,/game/switch/dragon-quest-xi-s-echoes-of-an-elusive-age---definitive-edition,620,8.6
12,Sonic Mania Plus,"July 17, 2018",Switch,91,/game/switch/sonic-mania-plus,311,8.0
13,SteamWorld Heist: Ultimate Edition,"December 28, 2017",Switch,91,/game/switch/steamworld-heist-ultimate-edition,148,8.5
14,Shovel Knight: Treasure Trove,"March 3, 2017",Switch,91,/game/switch/shovel-knight-treasure-trove,449,8.2
15,Animal Crossing: New Horizons,"March 20, 2020",Switch,90,/game/switch/animal-crossing-new-horizons,6052,5.5
16,Ori and the Blind Forest: Definitive Edition,"September 27, 2019",Switch,90,/game/switch/ori-and-the-blind-forest-definitive-edition,325,8.6
17,Bastion,"September 13, 2018",Switch,90,/game/switch/bastion,108,7.7
18,Hollow Knight,"June 12, 2018",Switch,90,/game/switch/hollow-knight,1333,9.0
19,Bayonetta + Bayonetta 2,"February 16, 2018",Switch,90,/game/switch/bayonetta-+-bayonetta-2,355,8.7
20,Xenoblade Chronicles: Definitive Edition,"May 29, 2020",Switch,89,/game/switch/xenoblade-chronicles-definitive-edition,976,8.9
21,Dead Cells,"August 7, 2018",Switch,89,/game/switch/dead-cells,355,8.4
22,Into the Breach,"August 28, 2018",Switch,89,/game/switch/into-the-breach,148,7.9
23,Super Mario 3D World + Bowser's Fury,"February 12, 2021",Switch,89,/game/switch/super-mario-3d-world-+-bowsers-fury,368,8.5
24,Fire Emblem: Three Houses,"July 26, 2019",Switch,89,/game/switch/fire-emblem-three-houses,2402,8.7
25,Okami HD,"August 9, 2018",Switch,89,/game/switch/okami-hd,184,8.5
26,A Short Hike,"August 18, 2020",Switch,88,/game/switch/a-short-hike,115,8.7
27,Hyper Light Drifter,"September 6, 2018",Switch,88,/game/switch/hyper-light-drifter,96,7.8
28,What Remains of Edith Finch,"July 4, 2019",Switch,88,/game/switch/what-remains-of-edith-finch,87,7.8
29,Super Mario Maker 2,"June 28, 2019",Switch,88,/game/switch/super-mario-maker-2,798,8.5
30,Downwell,"January 31, 2019",Switch,88,/game/switch/downwell,91,7.3
31,Diablo III: Eternal Collection,"November 2, 2018",Switch,88,/game/switch/diablo-iii-eternal-collection,270,7.6
32,SteamWorld Dig 2,"September 21, 2017",Switch,88,/game/switch/steamworld-dig-2,328,8.6
33,Ikaruga,"May 29, 2018",Switch,88,/game/switch/ikaruga,59,7.7
34,Cave Story +,"June 20, 2017",Switch,88,/game/switch/cave-story-+,166,7.9
35,Monster Hunter Rise,"March 26, 2021",Switch,88,/game/switch/monster-hunter-rise,508,9.1
36,Stardew Valley,"October 5, 2017",Switch,87,/game/switch/stardew-valley,527,8.7
37,Cuphead,"April 17, 2019",Switch,87,/game/switch/cuphead,387,8.3
38,Astral Chain,"August 30, 2019",Switch,87,/game/switch/astral-chain,3302,8.9
39,Dragon Ball FighterZ,"September 28, 2018",Switch,87,/game/switch/dragon-ball-fighterz,161,7.8
40,Kentucky Route Zero: TV Edition,"January 28, 2020",Switch,87,/game/switch/kentucky-route-zero-tv-edition,68,7.3
41,Guacamelee! 2,"December 10, 2018",Switch,87,/game/switch/guacamelee!-2,57,8.5
42,Enter the Gungeon,"December 14, 2017",Switch,87,/game/switch/enter-the-gungeon,209,8.0
43,The Legend of Zelda: Link's Awakening,"September 20, 2019",Switch,87,/game/switch/the-legend-of-zelda-links-awakening,1262,8.4
44,Super Mega Baseball 3,"May 13, 2020",Switch,87,/game/switch/super-mega-baseball-3,28,7.8
45,Axiom Verge,"October 5, 2017",Switch,87,/game/switch/axiom-verge,127,8.4
46,Grindstone,"December 15, 2020",Switch,87,/game/switch/grindstone,14,8.1
47,Katamari Damacy REROLL,"December 7, 2018",Switch,87,/game/switch/katamari-damacy-reroll,86,8.3
48,Owlboy,"February 13, 2018",Switch,87,/game/switch/owlboy,163,7.3
49,Velocity 2X,"September 20, 2018",Switch,87,/game/switch/velocity-2x,28,8.0
50,Streets of Rage 4,"April 30, 2020",Switch,87,/game/switch/streets-of-rage-4,151,8.5
51,Iconoclasts,"August 2, 2018",Switch,87,/game/switch/iconoclasts,65,8.1
52,Rocket League,"November 14, 2017",Switch,86,/game/switch/rocket-league,330,7.8
53,The Messenger,"August 30, 2018",Switch,86,/game/switch/the-messenger,192,8.4
54,Donkey Kong Country: Tropical Freeze,"May 4, 2018",Switch,86,/game/switch/donkey-kong-country-tropical-freeze,627,8.6
55,Monster Boy and the Cursed Kingdom,"December 4, 2018",Switch,86,/game/switch/monster-boy-and-the-cursed-kingdom,124,8.3
56,Transistor,"November 1, 2018",Switch,86,/game/switch/transistor,67,8.3
57,Minecraft,"June 21, 2018",Switch,86,/game/switch/minecraft,293,7.5
58,Shantae and the Pirate's Curse,"March 20, 2018",Switch,86,/game/switch/shantae-and-the-pirates-curse,64,8.2
59,Guacamelee! Super Turbo Championship Edition,"October 8, 2018",Switch,86,/game/switch/guacamelee!-super-turbo-championship-edition,44,8.1
60,Star Wars Pinball,"September 13, 2019",Switch,86,/game/switch/star-wars-pinball,35,7.2
61,AI: The Somnium Files,"September 17, 2019",Switch,86,/game/switch/ai-the-somnium-files,513,8.8
62,Sid Meier's Civilization VI,"November 16, 2018",Switch,86,/game/switch/sid-meiers-civilization-vi,191,7.7
63,Atelier Mysterious Trilogy Deluxe Pack,"April 22, 2021",Switch,86,/game/switch/atelier-mysterious-trilogy-deluxe-pack,0,tbd
64,Crypt of the NecroDancer: Nintendo Switch Edition,"February 1, 2018",Switch,86,/game/switch/crypt-of-the-necrodancer-nintendo-switch-edition,85,7.2
65,Warframe,"November 20, 2018",Switch,86,/game/switch/warframe,110,8.3
66,Luigi's Mansion 3,"October 31, 2019",Switch,86,/game/switch/luigis-mansion-3,1060,8.5
67,Assault Android Cactus+,"March 8, 2019",Switch,86,/game/switch/assault-android-cactus+,34,8.4
68,Huntdown,"May 12, 2020",Switch,86,/game/switch/huntdown,55,8.4
69,BlazBlue: Central Fiction - Special Edition,"February 7, 2019",Switch,86,/game/switch/blazblue-central-fiction---special-edition,29,8.5
70,Sonic Mania,"August 15, 2017",Switch,86,/game/switch/sonic-mania,745,8.4
71,Mini Metro,"August 30, 2018",Switch,86,/game/switch/mini-metro,33,8.4
72,Cadence of Hyrule: Crypt of the NecroDancer Featuring The Legend of Zelda,"June 13, 2019",Switch,85,/game/switch/cadence-of-hyrule-crypt-of-the-necrodancer-featuring-the-legend-of-zelda,291,8.1
73,Thumper,"May 18, 2017",Switch,85,/game/switch/thumper,98,8.1
74,Blaster Master Zero II,"March 20, 2019",Switch,85,/game/switch/blaster-master-zero-ii,35,8.5
75,Final Fantasy XII: The Zodiac Age,"April 30, 2019",Switch,85,/game/switch/final-fantasy-xii-the-zodiac-age,125,8.5
76,Slay the Spire,"June 6, 2019",Switch,85,/game/switch/slay-the-spire,74,8.3
77,Bug Fables: The Everlasting Sapling,"May 28, 2020",Switch,85,/game/switch/bug-fables-the-everlasting-sapling,96,8.3
78,Night in the Woods,"February 1, 2018",Switch,85,/game/switch/night-in-the-woods,138,7.5
79,The Binding of Isaac: Afterbirth +,"March 17, 2017",Switch,85,/game/switch/the-binding-of-isaac-afterbirth-+,276,8.3
80,The Witcher 3: Wild Hunt - Complete Edition,"October 15, 2019",Switch,85,/game/switch/the-witcher-3-wild-hunt---complete-edition,492,8.5
81,Two Point Hospital,"February 25, 2020",Switch,85,/game/switch/two-point-hospital,63,8.1
82,Pikmin 3 Deluxe,"October 30, 2020",Switch,85,/game/switch/pikmin-3-deluxe,137,8.4
83,Dragon Quest Builders 2,"July 12, 2019",Switch,85,/game/switch/dragon-quest-builders-2,167,8.3
84,Heroes of Hammerwatch - Ultimate Edition,"July 29, 2020",Switch,85,/game/switch/heroes-of-hammerwatch---ultimate-edition,10,7.3
85,West of Loathing,"May 31, 2018",Switch,85,/game/switch/west-of-loathing,58,8.0
86,Tangle Tower,"October 22, 2019",Switch,85,/game/switch/tangle-tower,19,8.2
87,Steins;Gate Elite,"February 19, 2019",Switch,85,/game/switch/steinsgate-elite,63,7.8
88,Darkest Dungeon,"January 18, 2018",Switch,85,/game/switch/darkest-dungeon,135,8.0
89,Mutant Mudds Collection,"December 14, 2017",Switch,85,/game/switch/mutant-mudds-collection,33,8.3
90,NeuroVoider,"September 7, 2017",Switch,85,/game/switch/neurovoider,38,8.0
91,Final Fantasy X / X-2 HD Remaster,"April 16, 2019",Switch,85,/game/switch/final-fantasy-x-x-2-hd-remaster,119,7.6
92,Mario + Rabbids: Kingdom Battle,"August 29, 2017",Switch,85,/game/switch/mario-+-rabbids-kingdom-battle,1135,8.4
93,Disgaea 4 Complete+,"October 29, 2019",Switch,85,/game/switch/disgaea-4-complete+,27,7.4
94,Keep Talking and Nobody Explodes,"August 16, 2018",Switch,84,/game/switch/keep-talking-and-nobody-explodes,11,7.9
95,Shantae: Half-Genie Hero - Ultimate Edition,"May 8, 2018",Switch,84,/game/switch/shantae-half-genie-hero---ultimate-edition,81,8.2
96,Lonely Mountains: Downhill,"May 7, 2020",Switch,84,/game/switch/lonely-mountains-downhill,47,7.4
97,Thronebreaker: The Witcher Tales,"January 28, 2020",Switch,84,/game/switch/thronebreaker-the-witcher-tales,72,7.7
98,Valkyria Chronicles,"October 16, 2018",Switch,84,/game/switch/valkyria-chronicles,58,8.7
99,Shovel Knight: Specter of Torment,"March 3, 2017",Switch,84,/game/switch/shovel-knight-specter-of-torment,128,8.0
100,80 DAYS,"October 1, 2019",Switch,84,/game/switch/80-days,10,7.8
101,WHAT THE GOLF?,"May 21, 2020",Switch,84,/game/switch/what-the-golf,44,8.2
102,VA-11 Hall-A: Cyberpunk Bartender Action,"May 2, 2019",Switch,84,/game/switch/va-11-hall-a-cyberpunk-bartender-action,59,8.2
103,Toki Tori 2 +,"February 23, 2018",Switch,84,/game/switch/toki-tori-2-+,23,8.0
104,Bayonetta,"February 16, 2018",Switch,84,/game/switch/bayonetta,202,8.3
105,Mega Man X Legacy Collection,"July 24, 2018",Switch,84,/game/switch/mega-man-x-legacy-collection,82,8.6
106,Rayman Legends: Definitive Edition,"September 12, 2017",Switch,84,/game/switch/rayman-legends-definitive-edition,216,8.4
107,The Elder Scrolls V: Skyrim,"November 17, 2017",Switch,84,/game/switch/the-elder-scrolls-v-skyrim,566,8.4
108,Kingdom: Two Crowns,"December 11, 2018",Switch,84,/game/switch/kingdom-two-crowns,29,7.1
109,Child of Light,"October 11, 2018",Switch,84,/game/switch/child-of-light,81,8.4
110,Wargroove,"February 1, 2019",Switch,84,/game/switch/wargroove,166,7.3
111,Lovers in a Dangerous Spacetime,"October 3, 2017",Switch,84,/game/switch/lovers-in-a-dangerous-spacetime,51,8.0
112,BioShock: The Collection,"May 29, 2020",Switch,84,/game/switch/bioshock-the-collection,117,8.6
113,"Snipperclips Plus: Cut It Out, Together!","November 10, 2017",Switch,84,/game/switch/snipperclips-plus-cut-it-out-together!,85,8.1
114,Atelier Ryza: Ever Darkness & the Secret Hideout,"October 29, 2019",Switch,84,/game/switch/atelier-ryza-ever-darkness-the-secret-hideout,87,8.1
115,Danmaku Unlimited 3,"March 13, 2018",Switch,84,/game/switch/danmaku-unlimited-3,25,8.0
116,Sega Ages: Fantasy Zone,"January 23, 2020",Switch,84,/game/switch/sega-ages-fantasy-zone,12,7.9
117,Baba Is You,"March 13, 2019",Switch,84,/game/switch/baba-is-you,93,8.0
118,Sayonara Wild Hearts,"September 19, 2019",Switch,84,/game/switch/sayonara-wild-hearts,72,8.2
119,Timespinner,"June 4, 2019",Switch,84,/game/switch/timespinner,35,7.3
120,Ape Out,"February 28, 2019",Switch,84,/game/switch/ape-out,87,6.4
121,To the Moon,"January 16, 2020",Switch,84,/game/switch/to-the-moon,50,8.2
122,Sega Ages: OutRun,"January 10, 2019",Switch,84,/game/switch/sega-ages-outrun,28,7.8
123,The Legend of Heroes: Trails of Cold Steel III,"June 30, 2020",Switch,84,/game/switch/the-legend-of-heroes-trails-of-cold-steel-iii,36,8.1
124,Super Meat Boy,"January 11, 2018",Switch,84,/game/switch/super-meat-boy,79,8.1
125,Ni no Kuni: Wrath of the White Witch,"September 20, 2019",Switch,84,/game/switch/ni-no-kuni-wrath-of-the-white-witch,100,8.1
126,World of Goo,"March 16, 2017",Switch,84,/game/switch/world-of-goo,92,7.6
127,Just Shapes & Beats,"May 31, 2018",Switch,83,/game/switch/just-shapes-beats,54,8.6
128,Lumines Remastered,"June 26, 2018",Switch,83,/game/switch/lumines-remastered,29,8.3
129,Fortnite,"June 12, 2018",Switch,83,/game/switch/fortnite,610,4.9
130,Tetris 99,"February 13, 2019",Switch,83,/game/switch/tetris-99,253,8.2
131,Tales of Vesperia: Definitive Edition,"January 11, 2019",Switch,83,/game/switch/tales-of-vesperia-definitive-edition,151,7.8
132,Alien: Isolation,"December 5, 2019",Switch,83,/game/switch/alien-isolation,76,8.5
133,Mega Man Legacy Collection,"May 22, 2018",Switch,83,/game/switch/mega-man-legacy-collection,81,8.5
134,Ring Fit Adventure,"October 18, 2019",Switch,83,/game/switch/ring-fit-adventure,226,8.6
135,Duck Game,"May 1, 2019",Switch,83,/game/switch/duck-game,34,8.0
136,Splatoon 2,"July 21, 2017",Switch,83,/game/switch/splatoon-2,1262,8.4
137,Knights and Bikes,"February 6, 2020",Switch,83,/game/switch/knights-and-bikes,12,8.3
138,Shovel Knight: King of Cards,"December 10, 2019",Switch,83,/game/switch/shovel-knight-king-of-cards,28,7.9
139,The Banner Saga 3,"July 26, 2018",Switch,83,/game/switch/the-banner-saga-3,28,8.4
140,Octopath Traveler,"July 12, 2018",Switch,83,/game/switch/octopath-traveler,1190,8.5
141,Mega Man Zero / ZX Legacy Collection,"February 25, 2020",Switch,83,/game/switch/mega-man-zero-zx-legacy-collection,108,8.5
142,OlliOlli: Switch Stance,"February 14, 2019",Switch,83,/game/switch/olliolli-switch-stance,11,7.8
143,Moonlighter,"November 5, 2018",Switch,83,/game/switch/moonlighter,103,8.0
144,GRIS,"December 13, 2018",Switch,83,/game/switch/gris,303,8.6
145,UnderMine,"February 11, 2021",Switch,83,/game/switch/undermine,7,8.3
146,LIMBO,"June 28, 2018",Switch,83,/game/switch/limbo,60,8.5
147,Xenoblade Chronicles 2,"December 1, 2017",Switch,83,/game/switch/xenoblade-chronicles-2,2044,8.7
148,Dark Souls Remastered,"October 19, 2018",Switch,83,/game/switch/dark-souls-remastered,286,8.0
149,Collection of Mana,"June 11, 2019",Switch,83,/game/switch/collection-of-mana,43,8.2
150,Overcooked! 2: Surf 'n' Turf,"October 3, 2018",Switch,83,/game/switch/overcooked!-2-surf-n-turf,7,8.4
151,Chicken Police - Paint it RED!,"November 5, 2020",Switch,83,/game/switch/chicken-police---paint-it-red!,0,tbd
152,Sega Ages: Sonic the Hedgehog 2,"February 20, 2020",Switch,83,/game/switch/sega-ages-sonic-the-hedgehog-2,10,8.0
153,Gorogoa,"December 14, 2017",Switch,83,/game/switch/gorogoa,54,7.9
154,Katana ZERO,"April 17, 2019",Switch,83,/game/switch/katana-zero,204,8.7
155,Killer Queen Black,"October 11, 2019",Switch,83,/game/switch/killer-queen-black,53,8.2
156,Splasher,"October 26, 2017",Switch,83,/game/switch/splasher,26,8.2
157,Dynasty Warriors 8: Xtreme Legends - Definitive Edition,"December 27, 2018",Switch,83,/game/switch/dynasty-warriors-8-xtreme-legends---definitive-edition,20,8.5
158,The Last Campfire,"August 27, 2020",Switch,83,/game/switch/the-last-campfire,32,7.8
159,Flipping Death,"August 7, 2018",Switch,83,/game/switch/flipping-death,27,7.9
160,Worms W.M.D,"November 23, 2017",Switch,83,/game/switch/worms-wmd,45,7.8
161,Code:Realize - Guardian of Rebirth,"February 6, 2020",Switch,83,/game/switch/coderealize---guardian-of-rebirth,15,6.8
162,Reventure,"October 8, 2019",Switch,83,/game/switch/reventure,12,7.8
163,Yoku's Island Express,"May 29, 2018",Switch,82,/game/switch/yokus-island-express,94,8.6
164,Pinball FX3,"December 12, 2017",Switch,82,/game/switch/pinball-fx3,51,7.8
165,Spiritfarer,"August 18, 2020",Switch,82,/game/switch/spiritfarer,54,8.2
166,Flat Heroes,"August 2, 2018",Switch,82,/game/switch/flat-heroes,14,8.3
167,Horizon Chase Turbo,"November 28, 2018",Switch,82,/game/switch/horizon-chase-turbo,57,8.2
168,CrossCode,"July 9, 2020",Switch,82,/game/switch/crosscode,49,8.1
169,Ruiner,"June 18, 2020",Switch,82,/game/switch/ruiner,11,8.3
170,Mario + Rabbids: Kingdom Battle - Donkey Kong Adventure,"June 26, 2018",Switch,82,/game/switch/mario-+-rabbids-kingdom-battle---donkey-kong-adventure,76,8.2
171,Tadpole Treble Encore,"January 21, 2021",Switch,82,/game/switch/tadpole-treble-encore,6,7.8
172,Valkyria Chronicles 4,"September 25, 2018",Switch,82,/game/switch/valkyria-chronicles-4,137,8.6
173,Super Mario 3D All-Stars,"September 18, 2020",Switch,82,/game/switch/super-mario-3d-all-stars,668,6.3
174,Sega Ages: Virtua Racing,"June 27, 2019",Switch,82,/game/switch/sega-ages-virtua-racing,15,8.3
175,Bloodstained: Curse of the Moon 2,"July 10, 2020",Switch,82,/game/switch/bloodstained-curse-of-the-moon-2,31,8.4
176,No More Heroes,"October 28, 2020",Switch,82,/game/switch/no-more-heroes,32,8.7
177,Little Nightmares II,"February 11, 2021",Switch,82,/game/switch/little-nightmares-ii,60,7.9
178,Under Night In-Birth Exe:Late[cl-r],"February 20, 2020",Switch,82,/game/switch/under-night-in-birth-exelatecl-r,31,7.6
179,Terraria,"June 27, 2019",Switch,82,/game/switch/terraria,69,8.4
180,Swords & Soldiers II: Shawarmageddon,"March 1, 2019",Switch,82,/game/switch/swords-soldiers-ii-shawarmageddon,11,8.0
181,Salt and Sanctuary,"August 2, 2018",Switch,82,/game/switch/salt-and-sanctuary,51,7.7
182,Horace,"October 21, 2020",Switch,82,/game/switch/horace,30,7.5
183,Hotline Miami Collection,"August 19, 2019",Switch,82,/game/switch/hotline-miami-collection,26,8.0
184,Ys Origin,"October 1, 2020",Switch,82,/game/switch/ys-origin,22,8.1
185,Vectronom,"May 29, 2019",Switch,82,/game/switch/vectronom,7,8.4
186,Slime-san,"June 8, 2017",Switch,82,/game/switch/slime-san,42,8.4
187,SOLAS 128,"January 25, 2021",Switch,82,/game/switch/solas-128,0,tbd
188,Borderlands Legendary Collection,"May 29, 2020",Switch,82,/game/switch/borderlands-legendary-collection,61,8.3
189,Devil May Cry 3: Special Edition,"February 20, 2020",Switch,82,/game/switch/devil-may-cry-3-special-edition,81,8.1
190,Splatoon 2: Octo Expansion,"June 13, 2018",Switch,82,/game/switch/splatoon-2-octo-expansion,208,8.4
191,Bloodstained: Curse of the Moon,"May 24, 2018",Switch,82,/game/switch/bloodstained-curse-of-the-moon,147,8.4
192,Freedom Planet,"August 30, 2018",Switch,82,/game/switch/freedom-planet,25,8.2
193,Ys VIII: Lacrimosa of DANA,"June 26, 2018",Switch,82,/game/switch/ys-viii-lacrimosa-of-dana,279,8.7
194,Thimbleweed Park,"September 21, 2017",Switch,82,/game/switch/thimbleweed-park,81,8.3
195,Gnosia,"March 4, 2021",Switch,82,/game/switch/gnosia,34,8.7
196,Pillars of Eternity: Complete Edition,"August 8, 2019",Switch,82,/game/switch/pillars-of-eternity-complete-edition,70,2.6
197,Toki Tori,"March 30, 2018",Switch,82,/game/switch/toki-tori,17,7.8
198,Clubhouse Games: 51 Worldwide Classics,"June 5, 2020",Switch,82,/game/switch/clubhouse-games-51-worldwide-classics,129,7.7
199,Shantae: Half-Genie Hero,"June 8, 2017",Switch,82,/game/switch/shantae-half-genie-hero,77,7.6
200,Victor Vran: Overkill Edition,"August 28, 2018",Switch,82,/game/switch/victor-vran-overkill-edition,18,8.1
201,Unravel Two,"March 22, 2019",Switch,82,/game/switch/unravel-two,65,7.9
202,Captain Toad: Treasure Tracker,"July 13, 2018",Switch,82,/game/switch/captain-toad-treasure-tracker,228,7.9
203,Wandersong,"September 27, 2018",Switch,82,/game/switch/wandersong,44,8.4
204,RIVE: Ultimate Edition,"November 17, 2017",Switch,82,/game/switch/rive-ultimate-edition,37,7.7
205,No More Heroes 2: Desperate Struggle,"October 28, 2020",Switch,82,/game/switch/no-more-heroes-2-desperate-struggle,20,8.0
206,Azure Striker Gunvolt: Striker Pack,"August 31, 2017",Switch,82,/game/switch/azure-striker-gunvolt-striker-pack,47,7.9
207,Final Fantasy VII,"March 26, 2019",Switch,81,/game/switch/final-fantasy-vii,99,7.5
208,Dragon Quest Builders,"February 9, 2018",Switch,81,/game/switch/dragon-quest-builders,101,8.1
209,Cyber Shadow,"January 26, 2021",Switch,81,/game/switch/cyber-shadow,34,7.5
210,Cytus Alpha,"April 25, 2019",Switch,81,/game/switch/cytus-alpha,11,8.2
211,Disgaea 5 Complete,"May 23, 2017",Switch,81,/game/switch/disgaea-5-complete,169,8.4
212,Super One More Jump,"January 25, 2018",Switch,81,/game/switch/super-one-more-jump,29,8.4
213,Oxenfree,"October 6, 2017",Switch,81,/game/switch/oxenfree,122,7.7
214,The Legend of Heroes: Trails of Cold Steel IV,"April 9, 2021",Switch,81,/game/switch/the-legend-of-heroes-trails-of-cold-steel-iv,11,7.9
215,Tokyo Mirage Sessions #FE Encore,"January 17, 2020",Switch,81,/game/switch/tokyo-mirage-sessions-fe-encore,223,6.3
216,Contra Anniversary Collection,"June 11, 2019",Switch,81,/game/switch/contra-anniversary-collection,27,7.0
217,Teslagrad,"December 7, 2017",Switch,81,/game/switch/teslagrad,21,8.0
218,Paradise Killer,"September 4, 2020",Switch,81,/game/switch/paradise-killer,14,8.6
219,The Lion's Song,"July 10, 2018",Switch,81,/game/switch/the-lions-song,9,8.0
220,Overcooked! 2,"August 7, 2018",Switch,81,/game/switch/overcooked!-2,93,7.8
221,Jet Lancer,"May 12, 2020",Switch,81,/game/switch/jet-lancer,0,tbd
222,Aviary Attorney: Definitive Edition,"January 30, 2020",Switch,81,/game/switch/aviary-attorney-definitive-edition,8,7.8
223,VOEZ,"March 9, 2017",Switch,81,/game/switch/voez,100,8.0
224,Untitled Goose Game,"September 20, 2019",Switch,81,/game/switch/untitled-goose-game,177,7.6
225,Operencia: The Stolen Sun,"March 31, 2020",Switch,81,/game/switch/operencia-the-stolen-sun,19,7.6
226,Wunderling,"March 5, 2020",Switch,81,/game/switch/wunderling,4,8.0
227,R-Type Dimensions EX,"November 28, 2018",Switch,81,/game/switch/r-type-dimensions-ex,14,7.9
228,Rune Factory 4 Special,"February 25, 2020",Switch,81,/game/switch/rune-factory-4-special,81,8.1
229,WindJammers,"October 23, 2018",Switch,81,/game/switch/windjammers,9,8.1
230,Going Under,"September 24, 2020",Switch,81,/game/switch/going-under,8,8.3
231,Torchlight II,"September 3, 2019",Switch,81,/game/switch/torchlight-ii,54,8.4
232,Everhood,"March 4, 2021",Switch,81,/game/switch/everhood,8,7.6
233,Puyo Puyo Tetris,"April 25, 2017",Switch,81,/game/switch/puyo-puyo-tetris,208,8.1
234,Captain Toad: Treasure Tracker - Special Episode,"March 14, 2019",Switch,81,/game/switch/captain-toad-treasure-tracker---special-episode,17,8.2
235,Littlewood,"February 25, 2021",Switch,81,/game/switch/littlewood,13,8.5
236,Castlevania Anniversary Collection,"May 16, 2019",Switch,81,/game/switch/castlevania-anniversary-collection,42,8.3
237,Hand of Fate 2,"July 17, 2018",Switch,81,/game/switch/hand-of-fate-2,28,8.4
238,Fast RMX,"March 3, 2017",Switch,81,/game/switch/fast-rmx,412,7.9
239,Street Fighter: 30th Anniversary Collection,"May 29, 2018",Switch,81,/game/switch/street-fighter-30th-anniversary-collection,86,7.7
240,Gunvolt Chronicles: Luminous Avenger iX,"September 26, 2019",Switch,81,/game/switch/gunvolt-chronicles-luminous-avenger-ix,24,8.0
241,Phoenix Wright: Ace Attorney Trilogy,"April 9, 2019",Switch,81,/game/switch/phoenix-wright-ace-attorney-trilogy,69,8.2
242,Genesis Noir,"March 26, 2021",Switch,81,/game/switch/genesis-noir,4,7.3
243,Nowhere Prophet,"July 30, 2020",Switch,81,/game/switch/nowhere-prophet,18,6.5
244,The Darkside Detective,"February 7, 2018",Switch,81,/game/switch/the-darkside-detective,24,8.4
245,SteamWorld Quest: Hand of Gilgamech,"April 25, 2019",Switch,81,/game/switch/steamworld-quest-hand-of-gilgamech,70,7.6
246,Songbird Symphony,"July 25, 2019",Switch,81,/game/switch/songbird-symphony,11,7.8
247,The Legend of Zelda: Breath of the Wild - The Champions' Ballad,"December 7, 2017",Switch,81,/game/switch/the-legend-of-zelda-breath-of-the-wild---the-champions-ballad,290,8.5
248,BoxBoy! + BoxGirl!,"April 26, 2019",Switch,81,/game/switch/boxboy!-+-boxgirl!,38,7.9
249,Battle Chef Brigade,"November 20, 2017",Switch,81,/game/switch/battle-chef-brigade,45,8.3
250,Saviors of Sapphire Wings & Stranger of Sword City Revisited,"March 16, 2021",Switch,81,/game/switch/saviors-of-sapphire-wings-stranger-of-sword-city-revisited,0,tbd
251,AVICII Invector Encore Edition,"September 8, 2020",Switch,81,/game/switch/avicii-invector-encore-edition,7,7.7
252,Yooka-Laylee and the Impossible Lair,"October 8, 2019",Switch,81,/game/switch/yooka-laylee-and-the-impossible-lair,110,7.8
253,The Red Strings Club,"March 14, 2019",Switch,80,/game/switch/the-red-strings-club,21,7.3
254,Rogue Legacy,"November 6, 2018",Switch,80,/game/switch/rogue-legacy,13,8.5
255,Metro Redux,"February 28, 2020",Switch,80,/game/switch/metro-redux,63,8.4
256,Crash Team Racing: Nitro-Fueled,"June 20, 2019",Switch,80,/game/switch/crash-team-racing-nitro-fueled,248,6.3
257,ABZU,"November 29, 2018",Switch,80,/game/switch/abzu,39,7.5
258,Kingdom Hearts: Melody of Memory,"November 13, 2020",Switch,80,/game/switch/kingdom-hearts-melody-of-memory,30,7.7
259,Vitamin Connection,"January 17, 2020",Switch,80,/game/switch/vitamin-connection,11,8.0
260,Children of Morta,"November 20, 2019",Switch,80,/game/switch/children-of-morta,61,8.3
261,"Snipperclips - Cut it out, together!","March 3, 2017",Switch,80,/game/switch/snipperclips---cut-it-out-together!,382,8.2
262,Resident Evil 4,"May 21, 2019",Switch,80,/game/switch/resident-evil-4,137,8.6
263,Embracelet,"September 24, 2020",Switch,80,/game/switch/embracelet,0,tbd
264,Catherine: Full Body,"July 7, 2020",Switch,80,/game/switch/catherine-full-body,98,8.3
265,Trine 4: The Nightmare Prince,"October 8, 2019",Switch,80,/game/switch/trine-4-the-nightmare-prince,34,7.7
266,Pinball FX3: Bethesda Pinball,"April 4, 2018",Switch,80,/game/switch/pinball-fx3-bethesda-pinball,6,8.0
267,Assassin's Creed: The Rebel Collection,"December 6, 2019",Switch,80,/game/switch/assassins-creed-the-rebel-collection,101,8.1
268,N++,"May 24, 2018",Switch,80,/game/switch/n++,17,8.6
269,Crown Trick,"October 16, 2020",Switch,80,/game/switch/crown-trick,5,8.4
270,The Banner Saga 1,"May 17, 2018",Switch,80,/game/switch/the-banner-saga-1,51,7.9
271,Pokemon Sword / Shield Dual Pack,"November 15, 2019",Switch,80,/game/switch/pokemon-sword-shield-dual-pack,383,4.3
272,New Super Mario Bros. U Deluxe,"January 11, 2019",Switch,80,/game/switch/new-super-mario-bros-u-deluxe,289,7.0
273,Xenoblade Chronicles 2: Torna ~ The Golden Country,"September 14, 2018",Switch,80,/game/switch/xenoblade-chronicles-2-torna-the-golden-country,342,8.7
274,South Park: The Fractured But Whole,"April 24, 2018",Switch,80,/game/switch/south-park-the-fractured-but-whole,134,7.8
275,DOOM Eternal,"December 8, 2020",Switch,80,/game/switch/doom-eternal,142,8.6
276,Final Fantasy VIII Remastered,"September 3, 2019",Switch,80,/game/switch/final-fantasy-viii-remastered,74,7.1
277,OkunoKA,"November 30, 2018",Switch,80,/game/switch/okunoka,15,8.1
278,The Banner Saga 2,"June 7, 2018",Switch,80,/game/switch/the-banner-saga-2,25,8.4
279,Sakuna: Of Rice and Ruin,"November 10, 2020",Switch,80,/game/switch/sakuna-of-rice-and-ruin,51,8.4
280,Pokemon Shield,"November 15, 2019",Switch,80,/game/switch/pokemon-shield,2914,4.6
281,Sega Ages: Thunder Force AC,"May 28, 2020",Switch,80,/game/switch/sega-ages-thunder-force-ac,0,tbd
282,The End Is Nigh,"December 12, 2017",Switch,80,/game/switch/the-end-is-nigh,49,8.1
283,Ironcast,"August 10, 2017",Switch,80,/game/switch/ironcast,20,7.9
284,Mega Man X Legacy Collection 1 + 2,"July 24, 2018",Switch,80,/game/switch/mega-man-x-legacy-collection-1-+-2,92,8.5
285,Monster Hunter Generations Ultimate,"August 28, 2018",Switch,80,/game/switch/monster-hunter-generations-ultimate,153,8.6
286,Tales from the Borderlands: A Telltale Game Series,"March 23, 2021",Switch,80,/game/switch/tales-from-the-borderlands-a-telltale-game-series,0,tbd
287,ScourgeBringer,"October 21, 2020",Switch,80,/game/switch/scourgebringer,4,8.3
288,Mr. Driller: Drill Land,"June 25, 2020",Switch,80,/game/switch/mr-driller-drill-land,10,7.8
289,Resident Evil,"May 21, 2019",Switch,80,/game/switch/resident-evil,49,8.6
290,Blazing Beaks,"May 10, 2019",Switch,80,/game/switch/blazing-beaks,22,8.0
291,Mega Man 11,"October 2, 2018",Switch,80,/game/switch/mega-man-11,188,8.6
292,Persona 5 Strikers,"February 23, 2021",Switch,80,/game/switch/persona-5-strikers,70,7.8
293,This War of Mine: Complete Edition,"November 27, 2018",Switch,80,/game/switch/this-war-of-mine-complete-edition,23,8.3
294,Rogue Aces,"April 12, 2018",Switch,80,/game/switch/rogue-aces,17,7.6
295,Pokemon Sword,"November 15, 2019",Switch,80,/game/switch/pokemon-sword,5384,4.6
296,Capcom Arcade Stadium,"February 17, 2021",Switch,80,/game/switch/capcom-arcade-stadium,15,8.3
297,Fuser,"November 9, 2020",Switch,80,/game/switch/fuser,9,7.6
298,Faeria,"August 13, 2020",Switch,80,/game/switch/faeria,17,7.2
299,Blossom Tales: The Sleeping King,"December 21, 2017",Switch,80,/game/switch/blossom-tales-the-sleeping-king,63,7.9
300,Atelier Ryza 2: Lost Legends & the Secret Fairy,"January 26, 2021",Switch,80,/game/switch/atelier-ryza-2-lost-legends-the-secret-fairy,28,8.6
301,Telling Lies,"April 28, 2020",Switch,80,/game/switch/telling-lies,18,6.1
302,"Pokemon: Let's Go, Eevee!","November 16, 2018",Switch,80,/game/switch/pokemon-lets-go-eevee!,1003,6.2
303,Puyo Puyo Tetris 2,"December 8, 2020",Switch,80,/game/switch/puyo-puyo-tetris-2,17,8.4
304,Aaero: Complete Edition,"December 24, 2018",Switch,80,/game/switch/aaero-complete-edition,6,8.0
305,Skullgirls: 2nd Encore,"October 22, 2019",Switch,80,/game/switch/skullgirls-2nd-encore,10,8.3
306,Heave Ho,"August 29, 2019",Switch,80,/game/switch/heave-ho,15,8.3
307,Armello,"September 27, 2018",Switch,80,/game/switch/armello,15,7.9
308,Pac-Man Championship Edition 2 Plus,"February 22, 2018",Switch,80,/game/switch/pac-man-championship-edition-2-plus,37,7.7
309,Hellblade: Senua's Sacrifice,"April 11, 2019",Switch,80,/game/switch/hellblade-senuas-sacrifice,131,7.4
310,Paper Mario: The Origami King,"July 17, 2020",Switch,80,/game/switch/paper-mario-the-origami-king,1575,6.9
311,Battle Chasers: Nightwar,"May 15, 2018",Switch,80,/game/switch/battle-chasers-nightwar,106,8.0
312,Sega Genesis Classics,"December 7, 2018",Switch,80,/game/switch/sega-genesis-classics,41,8.4
313,VVVVVV,"November 17, 2017",Switch,80,/game/switch/vvvvvv,27,8.0
314,Neo Geo Pocket Color Selection Vol. 1,"March 17, 2021",Switch,80,/game/switch/neo-geo-pocket-color-selection-vol-1,0,tbd
315,Signs of the Sojourner,"March 18, 2021",Switch,80,/game/switch/signs-of-the-sojourner,0,tbd
316,Crash Bandicoot 4: It's About Time,"March 12, 2021",Switch,80,/game/switch/crash-bandicoot-4-its-about-time,45,8.1
317,If Found...,"October 22, 2020",Switch,80,/game/switch/if-found,8,7.3
318,Minit,"August 9, 2018",Switch,80,/game/switch/minit,23,7.8
319,Layers of Fear: Legacy,"February 21, 2018",Switch,80,/game/switch/layers-of-fear-legacy,37,7.7
320,Wide Ocean Big Jacket,"February 4, 2020",Switch,79,/game/switch/wide-ocean-big-jacket,8,7.4
321,Chess Ultra,"November 2, 2017",Switch,79,/game/switch/chess-ultra,21,7.0
322,Indivisible,"April 28, 2020",Switch,79,/game/switch/indivisible,30,7.4
323,Shantae and the Seven Sirens,"May 28, 2020",Switch,79,/game/switch/shantae-and-the-seven-sirens,74,6.6
324,Alwa's Legacy,"September 29, 2020",Switch,79,/game/switch/alwas-legacy,9,8.2
325,Valfaris,"October 10, 2019",Switch,79,/game/switch/valfaris,42,8.2
326,Tangledeep,"January 31, 2019",Switch,79,/game/switch/tangledeep,21,7.7
327,Slayaway Camp: Butcher's Cut,"March 22, 2018",Switch,79,/game/switch/slayaway-camp-butchers-cut,12,7.8
328,Detention,"March 1, 2018",Switch,79,/game/switch/detention,35,8.5
329,GoNNER,"June 29, 2017",Switch,79,/game/switch/gonner,50,7.5
330,Naruto Shippuden: Ultimate Ninja Storm 4 - Road to Boruto,"April 24, 2020",Switch,79,/game/switch/naruto-shippuden-ultimate-ninja-storm-4---road-to-boruto,30,7.6
331,Yoshi's Crafted World,"March 28, 2019",Switch,79,/game/switch/yoshis-crafted-world,327,7.9
332,Brothers: A Tale of Two Sons,"May 28, 2019",Switch,79,/game/switch/brothers-a-tale-of-two-sons,23,8.3
333,The Ninja Saviors: Return of the Warriors,"October 15, 2019",Switch,79,/game/switch/the-ninja-saviors-return-of-the-warriors,18,7.7
334,Mega Man Legacy Collection + Mega Man Legacy Collection 2,"May 22, 2018",Switch,79,/game/switch/mega-man-legacy-collection-+-mega-man-legacy-collection-2,60,8.5
335,Stories Untold,"January 16, 2020",Switch,79,/game/switch/stories-untold,8,8.5
336,Little Nightmares: Complete Edition,"May 18, 2018",Switch,79,/game/switch/little-nightmares-complete-edition,143,8.2
337,The Touryst,"November 21, 2019",Switch,79,/game/switch/the-touryst,80,8.1
338,Hatsune Miku: Project Diva MegaMix,"May 15, 2020",Switch,79,/game/switch/hatsune-miku-project-diva-megamix,60,8.2
339,Arena of Valor,"September 25, 2018",Switch,79,/game/switch/arena-of-valor,55,6.7
340,Pokken Tournament DX,"September 22, 2017",Switch,79,/game/switch/pokken-tournament-dx,260,7.6
341,Subsurface Circular,"March 1, 2018",Switch,79,/game/switch/subsurface-circular,30,7.9
342,Carto,"October 27, 2020",Switch,79,/game/switch/carto,7,8.1
343,Crystal Crisis,"May 28, 2019",Switch,79,/game/switch/crystal-crisis,12,7.5
344,Runbow,"July 3, 2018",Switch,79,/game/switch/runbow,16,7.8
345,Sniper Elite 4,"November 17, 2020",Switch,79,/game/switch/sniper-elite-4,26,8.0
346,Death Road to Canada,"May 8, 2018",Switch,79,/game/switch/death-road-to-canada,36,7.6
347,"Pokemon: Let's Go, Pikachu!","November 16, 2018",Switch,79,/game/switch/pokemon-lets-go-pikachu!,1657,6.1
348,Blazing Chrome,"July 11, 2019",Switch,79,/game/switch/blazing-chrome,24,8.0
349,Kaze and the Wild Masks,"March 26, 2021",Switch,79,/game/switch/kaze-and-the-wild-masks,14,8.0
350,Spyro Reignited Trilogy,"September 3, 2019",Switch,79,/game/switch/spyro-reignited-trilogy,115,8.3
351,The Next Penelope,"December 21, 2017",Switch,79,/game/switch/the-next-penelope,14,7.1
352,Yu-Gi-Oh! Legacy of the Duelist: Link Evolution,"August 20, 2019",Switch,79,/game/switch/yu-gi-oh!-legacy-of-the-duelist-link-evolution,57,7.9
353,FRAMED Collection,"May 17, 2018",Switch,79,/game/switch/framed-collection,8,7.3
354,Joe Dever's Lone Wolf,"February 16, 2018",Switch,79,/game/switch/joe-devers-lone-wolf,16,7.9
355,Fight'N Rage,"September 26, 2019",Switch,79,/game/switch/fightn-rage,14,8.3
356,Mad Rat Dead,"October 30, 2020",Switch,79,/game/switch/mad-rat-dead,13,8.5
357,Bleed 2,"March 8, 2018",Switch,79,/game/switch/bleed-2,16,8.1
358,Scott Pilgrim vs. the World: The Game - Complete Edition,"January 14, 2021",Switch,79,/game/switch/scott-pilgrim-vs-the-world-the-game---complete-edition,22,8.0
359,Outlast 2,"March 27, 2018",Switch,79,/game/switch/outlast-2,61,8.0
360,DOOM,"November 10, 2017",Switch,79,/game/switch/doom,490,8.6
361,When The Past Was Around,"December 15, 2020",Switch,79,/game/switch/when-the-past-was-around,0,tbd
362,I Am Dead,"October 8, 2020",Switch,79,/game/switch/i-am-dead,12,7.0
363,River City Girls,"September 5, 2019",Switch,79,/game/switch/river-city-girls,69,6.8
364,Deru - The Art of Cooperation,"November 7, 2018",Switch,79,/game/switch/deru---the-art-of-cooperation,6,8.0
365,Steredenn: Binary Stars,"March 8, 2018",Switch,79,/game/switch/steredenn-binary-stars,21,8.1
366,L.A. Noire,"November 14, 2017",Switch,79,/game/switch/la-noire,226,8.1
367,Among Us,"December 15, 2020",Switch,79,/game/switch/among-us,18,6.8
368,Neon Abyss,"July 14, 2020",Switch,79,/game/switch/neon-abyss,22,5.5
369,Wonder Boy: The Dragon's Trap,"April 18, 2017",Switch,79,/game/switch/wonder-boy-the-dragons-trap,160,7.9
370,Wolfenstein II: The New Colossus,"June 29, 2018",Switch,79,/game/switch/wolfenstein-ii-the-new-colossus,269,7.5
371,World of Final Fantasy Maxima,"November 6, 2018",Switch,79,/game/switch/world-of-final-fantasy-maxima,41,8.5
372,World End Syndrome,"May 2, 2019",Switch,79,/game/switch/world-end-syndrome,28,8.3
373,GRID Autosport,"September 19, 2019",Switch,79,/game/switch/grid-autosport,55,8.3
374,Agent A: A Puzzle In Disguise,"August 29, 2019",Switch,79,/game/switch/agent-a-a-puzzle-in-disguise,22,7.7
375,BlazBlue: Cross Tag Battle,"June 5, 2018",Switch,79,/game/switch/blazblue-cross-tag-battle,50,7.7
376,Skies of Fury DX,"April 12, 2018",Switch,79,/game/switch/skies-of-fury-dx,26,7.3
377,The Gardens Between,"September 20, 2018",Switch,79,/game/switch/the-gardens-between,26,7.6
378,Mechstermination Force,"April 3, 2019",Switch,79,/game/switch/mechstermination-force,25,6.8
379,Golf Story,"September 28, 2017",Switch,78,/game/switch/golf-story,315,8.2
380,Sega Ages: Puyo Puyo 2,"February 20, 2020",Switch,78,/game/switch/sega-ages-puyo-puyo-2,4,7.8
381,SNK vs. Capcom: Match of the Millennium,"February 17, 2021",Switch,78,/game/switch/snk-vs-capcom-match-of-the-millennium,9,8.3
382,Aokana - Four Rhythms Across the Blue,"August 21, 2020",Switch,78,/game/switch/aokana---four-rhythms-across-the-blue,0,tbd
383,Octahedron: Transfixed Edition,"January 17, 2019",Switch,78,/game/switch/octahedron-transfixed-edition,12,7.5
384,The Jackbox Party Pack 5,"October 17, 2018",Switch,78,/game/switch/the-jackbox-party-pack-5,11,7.4
385,Mortal Kombat 11,"April 23, 2019",Switch,78,/game/switch/mortal-kombat-11,342,3.9
386,Ibb & Obb,"March 5, 2020",Switch,78,/game/switch/ibb-obb,6,6.8
387,Double Dragon & Kunio-kun Retro Brawler Bundle,"February 20, 2020",Switch,78,/game/switch/double-dragon-kunio-kun-retro-brawler-bundle,11,8.0
388,Atelier Lulua: The Scion of Arland,"May 21, 2019",Switch,78,/game/switch/atelier-lulua-the-scion-of-arland,21,7.5
389,Hyrule Warriors: Age of Calamity,"November 20, 2020",Switch,78,/game/switch/hyrule-warriors-age-of-calamity,461,7.9
390,TumbleSeed,"May 2, 2017",Switch,78,/game/switch/tumbleseed,50,7.4
391,Immortals Fenyx Rising,"December 3, 2020",Switch,78,/game/switch/immortals-fenyx-rising,136,7.5
392,Golf Peaks,"March 14, 2019",Switch,78,/game/switch/golf-peaks,16,7.8
393,Haven,"February 4, 2021",Switch,78,/game/switch/haven,0,tbd
394,Part Time UFO,"October 28, 2020",Switch,78,/game/switch/part-time-ufo,8,8.3
395,In Other Waters,"April 3, 2020",Switch,78,/game/switch/in-other-waters,19,6.6
396,Root Double: Before Crime * After Days - Xtend Edition,"November 26, 2020",Switch,78,/game/switch/root-double-before-crime-after-days---xtend-edition,0,tbd
397,Musynx,"June 19, 2018",Switch,78,/game/switch/musynx,13,8.0
398,Blaster Master Zero,"March 9, 2017",Switch,78,/game/switch/blaster-master-zero,130,7.7
399,Full Metal Furies,"November 6, 2018",Switch,78,/game/switch/full-metal-furies,11,7.9
400,Burnout Paradise Remastered,"June 19, 2020",Switch,78,/game/switch/burnout-paradise-remastered,57,7.9
401,Resident Evil: Revelations Collection,"November 28, 2017",Switch,78,/game/switch/resident-evil-revelations-collection,63,8.3
402,CastleStorm,"August 16, 2018",Switch,78,/game/switch/castlestorm,6,8.2
403,Forager,"July 30, 2019",Switch,78,/game/switch/forager,22,7.0
404,Not Tonight: Take Back Control Edition,"January 31, 2020",Switch,78,/game/switch/not-tonight-take-back-control-edition,36,6.0
405,Capcom Beat 'Em Up Bundle,"September 18, 2018",Switch,78,/game/switch/capcom-beat-em-up-bundle,28,7.8
406,Rain on Your Parade,"April 15, 2021",Switch,78,/game/switch/rain-on-your-parade,0,tbd
407,Curse of the Dead Gods,"February 23, 2021",Switch,78,/game/switch/curse-of-the-dead-gods,8,7.9
408,Murder by Numbers,"March 5, 2020",Switch,78,/game/switch/murder-by-numbers,28,7.3
409,Dragon's Dogma: Dark Arisen,"April 23, 2019",Switch,78,/game/switch/dragons-dogma-dark-arisen,104,8.3
410,My Friend Pedro,"June 20, 2019",Switch,78,/game/switch/my-friend-pedro,108,7.8
411,Taiko no Tatsujin: Drum 'n' Fun!,"November 2, 2018",Switch,78,/game/switch/taiko-no-tatsujin-drum-n-fun!,40,8.4
412,Shinsekai: Into the Depths,"March 26, 2020",Switch,78,/game/switch/shinsekai-into-the-depths,31,7.9
413,Sega Ages: Shinobi,"January 23, 2020",Switch,78,/game/switch/sega-ages-shinobi,11,7.7
414,Cosmic Star Heroine,"August 14, 2018",Switch,78,/game/switch/cosmic-star-heroine,27,7.4
415,Puzzle Quest: The Legend Returns,"September 19, 2019",Switch,78,/game/switch/puzzle-quest-the-legend-returns,23,7.5
416,Resident Evil: Revelations,"November 28, 2017",Switch,78,/game/switch/resident-evil-revelations,157,8.1
417,Lost Words: Beyond the Page,"April 6, 2021",Switch,78,/game/switch/lost-words-beyond-the-page,0,tbd
418,DARQ: Complete Edition,"March 18, 2021",Switch,78,/game/switch/darq-complete-edition,0,tbd
419,Nelly Cootalot: The Fowl Fleet,"July 11, 2019",Switch,78,/game/switch/nelly-cootalot-the-fowl-fleet,4,8.0
420,LEGO City Undercover,"April 4, 2017",Switch,78,/game/switch/lego-city-undercover,145,7.8
421,Pixeljunk Eden 2,"December 10, 2020",Switch,78,/game/switch/pixeljunk-eden-2,17,7.9
422,Never Give Up,"August 13, 2019",Switch,78,/game/switch/never-give-up,13,8.0
423,ATOMIK: RunGunJumpGun,"February 8, 2018",Switch,78,/game/switch/atomik-rungunjumpgun,6,8.0
424,The Legend of Zelda: Breath of the Wild - The Master Trials,"June 30, 2017",Switch,78,/game/switch/the-legend-of-zelda-breath-of-the-wild---the-master-trials,309,7.7
425,Wingspan,"December 29, 2020",Switch,78,/game/switch/wingspan,5,8.4
426,Death Squared,"July 13, 2017",Switch,78,/game/switch/death-squared,35,7.7
427,Dandy Dungeon: Legend of Brave Yamada,"June 27, 2019",Switch,78,/game/switch/dandy-dungeon-legend-of-brave-yamada,13,8.2
428,Good Job!,"March 26, 2020",Switch,78,/game/switch/good-job!,39,7.6
429,Trials Rising,"February 26, 2019",Switch,78,/game/switch/trials-rising,46,7.7
430,SNK 40th Anniversary Collection,"November 13, 2018",Switch,78,/game/switch/snk-40th-anniversary-collection,23,7.7
431,Hyrule Warriors: Definitive Edition,"May 18, 2018",Switch,78,/game/switch/hyrule-warriors-definitive-edition,209,7.9
432,Crash Bandicoot N. Sane Trilogy,"June 29, 2018",Switch,78,/game/switch/crash-bandicoot-n-sane-trilogy,323,8.2
433,EVERSPACE: Stellar Edition,"December 11, 2018",Switch,78,/game/switch/everspace-stellar-edition,19,8.4
434,PHOGS!,"December 3, 2020",Switch,78,/game/switch/phogs!,0,tbd
435,Inmost,"August 21, 2020",Switch,78,/game/switch/inmost,25,7.8
436,Depixtion,"February 28, 2020",Switch,78,/game/switch/depixtion,12,7.8
437,Graceful Explosion Machine,"April 6, 2017",Switch,77,/game/switch/graceful-explosion-machine,84,7.9
438,Story of Seasons: Friends of Mineral Town,"July 14, 2020",Switch,77,/game/switch/story-of-seasons-friends-of-mineral-town,55,8.3
439,Tiny Barbarian DX,"October 10, 2017",Switch,77,/game/switch/tiny-barbarian-dx,21,7.7
440,Olija,"January 28, 2021",Switch,77,/game/switch/olija,4,8.0
441,Pawarumi,"July 24, 2019",Switch,77,/game/switch/pawarumi,10,7.7
442,moon,"August 27, 2020",Switch,77,/game/switch/moon,18,7.9
443,Nintendo Labo: Toycon 01 Variety Kit,"April 20, 2018",Switch,77,/game/switch/nintendo-labo-toycon-01-variety-kit,208,6.9
444,1979 Revolution: Black Friday,"August 2, 2018",Switch,77,/game/switch/1979-revolution-black-friday,14,7.1
445,Cat Quest II,"October 24, 2019",Switch,77,/game/switch/cat-quest-ii,33,8.2
446,Flashback,"June 17, 2018",Switch,77,/game/switch/flashback,25,7.8
447,Pinstripe,"October 25, 2018",Switch,77,/game/switch/pinstripe,11,8.0
448,Blasphemous,"September 10, 2019",Switch,77,/game/switch/blasphemous,143,8.0
449,XCOM 2 Collection,"May 29, 2020",Switch,77,/game/switch/xcom-2-collection,37,6.5
450,Bomb Chicken,"July 12, 2018",Switch,77,/game/switch/bomb-chicken,29,8.1
451,The Adventure Pals,"April 3, 2018",Switch,77,/game/switch/the-adventure-pals,28,7.7
452,Ittle Dew 2+,"November 14, 2017",Switch,77,/game/switch/ittle-dew-2+,31,7.7
453,Super Crush K.O.,"January 16, 2020",Switch,77,/game/switch/super-crush-ko,12,7.9
454,Darksiders II: Deathinitive Edition,"September 26, 2019",Switch,77,/game/switch/darksiders-ii-deathinitive-edition,21,7.9
455,The Turing Test,"February 7, 2020",Switch,77,/game/switch/the-turing-test,16,5.7
456,Lumo,"November 14, 2017",Switch,77,/game/switch/lumo,13,7.6
457,ARMS,"June 16, 2017",Switch,77,/game/switch/arms,805,7.1
458,ITTA,"April 22, 2020",Switch,77,/game/switch/itta,7,7.7
459,20XX,"July 10, 2018",Switch,77,/game/switch/20xx,14,7.7
460,Heaven's Vault,"January 28, 2021",Switch,77,/game/switch/heavens-vault,0,tbd
461,Pure Pool,"November 17, 2020",Switch,77,/game/switch/pure-pool,0,tbd
462,Touhou Spell Bubble,"October 29, 2020",Switch,77,/game/switch/touhou-spell-bubble,0,tbd
463,Oddworld: Abe's Oddysee - New 'n' Tasty,"October 27, 2020",Switch,77,/game/switch/oddworld-abes-oddysee---new-n-tasty,16,7.6
464,Ion Fury,"May 14, 2020",Switch,77,/game/switch/ion-fury,15,7.3
465,My Memory of Us,"January 24, 2019",Switch,77,/game/switch/my-memory-of-us,17,7.6
466,Outlast: Bundle of Terror,"February 27, 2018",Switch,77,/game/switch/outlast-bundle-of-terror,38,8.0
467,Human Resource Machine,"March 16, 2017",Switch,77,/game/switch/human-resource-machine,49,7.6
468,DOOM 64,"March 20, 2020",Switch,77,/game/switch/doom-64,60,8.0
469,Panzer Paladin,"July 21, 2020",Switch,77,/game/switch/panzer-paladin,5,7.4
470,Valiant Hearts: The Great War,"November 8, 2018",Switch,77,/game/switch/valiant-hearts-the-great-war,27,8.3
471,Northgard,"September 26, 2019",Switch,77,/game/switch/northgard,13,8.1
472,Mega Man Legacy Collection 2,"May 22, 2018",Switch,77,/game/switch/mega-man-legacy-collection-2,61,8.2
473,Overcooked!: Special Edition,"July 27, 2017",Switch,77,/game/switch/overcooked!-special-edition,114,7.9
474,The World Ends with You: Final Remix,"October 12, 2018",Switch,77,/game/switch/the-world-ends-with-you-final-remix,99,7.1
475,Moving Out,"April 28, 2020",Switch,77,/game/switch/moving-out,26,7.1
476,Rogue Heroes: Ruins of Tasos,"February 23, 2021",Switch,77,/game/switch/rogue-heroes-ruins-of-tasos,15,8.3
477,The Book of Unwritten Tales 2,"February 5, 2019",Switch,77,/game/switch/the-book-of-unwritten-tales-2,7,7.9
478,Football Manager Touch 2018,"April 13, 2018",Switch,77,/game/switch/football-manager-touch-2018,18,7.1
479,Mantis Burn Racing,"November 23, 2017",Switch,77,/game/switch/mantis-burn-racing,35,7.9
480,Tiny Metal: Full Metal Rumble,"July 11, 2019",Switch,77,/game/switch/tiny-metal-full-metal-rumble,19,7.6
481,Darksiders: Warmastered Edition,"April 2, 2019",Switch,77,/game/switch/darksiders-warmastered-edition,44,7.5
482,Astrologaster,"February 18, 2021",Switch,77,/game/switch/astrologaster,0,tbd
483,Do Not Feed the Monkeys,"June 1, 2020",Switch,77,/game/switch/do-not-feed-the-monkeys,0,tbd
484,New Super Lucky's Tale,"November 8, 2019",Switch,76,/game/switch/new-super-luckys-tale,103,7.7
485,Disgaea 1 Complete,"October 9, 2018",Switch,76,/game/switch/disgaea-1-complete,36,7.8
486,Carrion,"July 23, 2020",Switch,76,/game/switch/carrion,27,8.0
487,Journey of the Broken Circle,"September 18, 2020",Switch,76,/game/switch/journey-of-the-broken-circle,11,7.2
488,The Long Dark,"September 17, 2020",Switch,76,/game/switch/the-long-dark,6,6.7
489,For the King,"May 9, 2019",Switch,76,/game/switch/for-the-king,24,6.3
490,inbento,"March 12, 2020",Switch,76,/game/switch/inbento,6,8.3
491,Wizard of Legend,"May 15, 2018",Switch,76,/game/switch/wizard-of-legend,72,7.7
492,Bravely Default II,"February 26, 2021",Switch,76,/game/switch/bravely-default-ii,233,8.1
493,Hob: The Definitive Edition,"April 3, 2019",Switch,76,/game/switch/hob-the-definitive-edition,31,7.4
494,She Remembered Caterpillars,"March 28, 2019",Switch,76,/game/switch/she-remembered-caterpillars,12,7.7
495,Last Day of June,"March 16, 2018",Switch,76,/game/switch/last-day-of-june,18,7.7
496,Hero-U: Rogue to Redemption,"February 9, 2021",Switch,76,/game/switch/hero-u-rogue-to-redemption,0,tbd
497,Creature in the Well,"September 6, 2019",Switch,76,/game/switch/creature-in-the-well,24,7.5
498,Brigandine: The Legend of Runersia,"June 25, 2020",Switch,76,/game/switch/brigandine-the-legend-of-runersia,56,8.3
499,Super Chariot,"May 10, 2018",Switch,76,/game/switch/super-chariot,14,7.8
500,Friday the 13th: Killer Puzzle,"October 25, 2018",Switch,76,/game/switch/friday-the-13th-killer-puzzle,10,7.2
501,Pac-Man 99,"April 7, 2021",Switch,76,/game/switch/pac-man-99,21,8.4
502,TENS!,"November 5, 2020",Switch,76,/game/switch/tens!,0,tbd
503,Old School Musical,"September 13, 2018",Switch,76,/game/switch/old-school-musical,10,7.7
504,Masters of Anima,"April 10, 2018",Switch,76,/game/switch/masters-of-anima,17,6.8
505,Syberia,"October 20, 2017",Switch,76,/game/switch/syberia,35,7.3
506,Piczle Lines DX,"August 24, 2017",Switch,76,/game/switch/piczle-lines-dx,15,7.6
507,ACA NeoGeo: Metal Slug 3,"March 9, 2017",Switch,76,/game/switch/aca-neogeo-metal-slug-3,35,7.7
508,Super Mario Party,"October 5, 2018",Switch,76,/game/switch/super-mario-party,533,7.1
509,Sushi Striker: The Way of Sushido,"June 8, 2018",Switch,76,/game/switch/sushi-striker-the-way-of-sushido,64,7.8
510,Fantasy Strike,"July 25, 2019",Switch,76,/game/switch/fantasy-strike,38,7.7
511,SuperEpic: The Entertainment War,"December 12, 2019",Switch,76,/game/switch/superepic-the-entertainment-war,13,7.6
512,Sundered: Eldritch Edition,"December 21, 2018",Switch,76,/game/switch/sundered-eldritch-edition,23,7.4
513,Final Fantasy IX,"February 13, 2019",Switch,76,/game/switch/final-fantasy-ix,84,7.4
514,Bombslinger,"April 11, 2018",Switch,76,/game/switch/bombslinger,13,7.1
515,Mighty Gunvolt Burst,"June 15, 2017",Switch,76,/game/switch/mighty-gunvolt-burst,53,7.6
516,Fury Unleashed,"May 8, 2020",Switch,76,/game/switch/fury-unleashed,13,7.5
517,Embers of Mirrim,"December 7, 2017",Switch,76,/game/switch/embers-of-mirrim,10,7.6
518,Pikuniku,"January 24, 2019",Switch,76,/game/switch/pikuniku,46,7.5
519,Wasteland 2: Director's Cut,"September 13, 2018",Switch,76,/game/switch/wasteland-2-directors-cut,15,7.5
520,One Piece: Pirate Warriors 3 - Deluxe Edition,"May 10, 2018",Switch,76,/game/switch/one-piece-pirate-warriors-3---deluxe-edition,31,8.2
521,Planet Alpha,"September 4, 2018",Switch,76,/game/switch/planet-alpha,21,7.6
522,Pode,"June 21, 2018",Switch,76,/game/switch/pode,23,7.4
523,The Swords of Ditto: Mormo's Curse,"May 2, 2019",Switch,76,/game/switch/the-swords-of-ditto-mormos-curse,26,6.9
524,Digimon Story Cyber Sleuth: Complete Edition,"October 18, 2019",Switch,76,/game/switch/digimon-story-cyber-sleuth-complete-edition,149,5.1
525,Wulverblade,"October 12, 2017",Switch,76,/game/switch/wulverblade,40,7.5
526,Darius Cozmic Collection: Arcade,"June 16, 2020",Switch,76,/game/switch/darius-cozmic-collection-arcade,0,tbd
527,Langrisser I & II,"March 10, 2020",Switch,76,/game/switch/langrisser-i-ii,21,7.5
528,The Jackbox Party Pack 7,"October 15, 2020",Switch,76,/game/switch/the-jackbox-party-pack-7,6,7.5
529,A Hat in Time,"October 18, 2019",Switch,76,/game/switch/a-hat-in-time,45,8.1
530,Amnesia Collection,"September 12, 2019",Switch,76,/game/switch/amnesia-collection,11,7.5
531,LEGO Marvel Super Heroes 2,"November 14, 2017",Switch,76,/game/switch/lego-marvel-super-heroes-2,64,7.1
532,Floor Kids,"December 7, 2017",Switch,76,/game/switch/floor-kids,21,7.6
533,Battle Brothers,"March 11, 2021",Switch,75,/game/switch/battle-brothers,5,8.0
534,Unruly Heroes,"January 23, 2019",Switch,75,/game/switch/unruly-heroes,38,7.6
535,Mary Skelter 2,"February 7, 2019",Switch,75,/game/switch/mary-skelter-2,23,8.0
536,SteamWorld Dig: A Fistful of Dirt,"February 1, 2018",Switch,75,/game/switch/steamworld-dig-a-fistful-of-dirt,72,7.7
537,Silence,"April 10, 2019",Switch,75,/game/switch/silence,13,7.2
538,Dragon Ball: Xenoverse 2,"September 22, 2017",Switch,75,/game/switch/dragon-ball-xenoverse-2,145,7.6
539,Sparklite,"November 14, 2019",Switch,75,/game/switch/sparklite,12,7.5
540,Mario Tennis Aces,"June 22, 2018",Switch,75,/game/switch/mario-tennis-aces,533,7.1
541,LEGO DC Super-Villains,"October 16, 2018",Switch,75,/game/switch/lego-dc-super-villains,25,7.5
542,Samurai Shodown,"February 25, 2020",Switch,75,/game/switch/samurai-shodown,27,7.4
543,Rock of Ages 2: Bigger & Boulder,"May 14, 2019",Switch,75,/game/switch/rock-of-ages-2-bigger-boulder,10,7.9
544,Observer,"February 7, 2019",Switch,75,/game/switch/observer,29,7.6
545,The Mummy Demastered,"October 24, 2017",Switch,75,/game/switch/the-mummy-demastered,32,7.4
546,Sam & Max Save the World Remastered,"December 2, 2020",Switch,75,/game/switch/sam-max-save-the-world-remastered,13,3.8
547,Manifold Garden,"August 18, 2020",Switch,75,/game/switch/manifold-garden,7,7.4
548,Bomber Crew,"July 10, 2018",Switch,75,/game/switch/bomber-crew,14,7.9
549,Cattails,"November 29, 2018",Switch,75,/game/switch/cattails,15,7.6
550,Figment,"June 28, 2018",Switch,75,/game/switch/figment,18,7.7
551,Blade Strangers,"August 28, 2018",Switch,75,/game/switch/blade-strangers,18,7.9
552,Yooka-Laylee,"December 14, 2017",Switch,75,/game/switch/yooka-laylee,147,7.3
553,Mario Kart Live: Home Circuit,"October 16, 2020",Switch,75,/game/switch/mario-kart-live-home-circuit,53,7.4
554,Pokemon Sword / Shield: The Crown Tundra,"October 22, 2020",Switch,75,/game/switch/pokemon-sword-shield-the-crown-tundra,166,7.3
555,Shiren The Wanderer: The Tower of Fortune and the Dice of Fate,"December 2, 2020",Switch,75,/game/switch/shiren-the-wanderer-the-tower-of-fortune-and-the-dice-of-fate,5,7.4
556,Cake Bash,"November 19, 2020",Switch,75,/game/switch/cake-bash,0,tbd
557,Superliminal,"July 7, 2020",Switch,75,/game/switch/superliminal,749,9.6
558,Death Come True,"June 24, 2020",Switch,75,/game/switch/death-come-true,13,4.1
559,Arcade Spirits,"May 1, 2020",Switch,75,/game/switch/arcade-spirits,0,tbd
560,Candleman,"October 3, 2019",Switch,75,/game/switch/candleman,4,7.5
561,Headliner: NoviNews,"September 5, 2019",Switch,75,/game/switch/headliner-novinews,9,7.6
562,We. The Revolution,"June 25, 2019",Switch,75,/game/switch/we-the-revolution,10,7.4
563,X-Morph: Defense,"February 21, 2019",Switch,75,/game/switch/x-morph-defense,16,7.9
564,City of Brass,"February 8, 2019",Switch,75,/game/switch/city-of-brass,15,6.5
565,Labyrinth of Refrain: Coven of Dusk,"September 18, 2018",Switch,75,/game/switch/labyrinth-of-refrain-coven-of-dusk,31,7.7
566,Bulb Boy,"July 6, 2017",Switch,75,/game/switch/bulb-boy,45,7.3
567,ToeJam & Earl: Back in the Groove!,"February 15, 2019",Switch,75,/game/switch/toejam-earl-back-in-the-groove!,87,5.9
568,Willy Jetman: Astromonkey's Revenge,"January 31, 2020",Switch,75,/game/switch/willy-jetman-astromonkeys-revenge,11,7.5
569,Fire Emblem: Three Houses - Side Story: Cindered Shadows,"February 13, 2020",Switch,75,/game/switch/fire-emblem-three-houses---side-story-cindered-shadows,37,7.6
570,I Am Setsuna,"March 3, 2017",Switch,75,/game/switch/i-am-setsuna,144,7.5
571,Bloodroots,"February 28, 2020",Switch,75,/game/switch/bloodroots,19,7.4
572,Another World,"July 9, 2018",Switch,75,/game/switch/another-world,16,7.8
573,Nidhogg 2,"November 22, 2018",Switch,75,/game/switch/nidhogg-2,10,7.9
574,Neo Cab,"October 3, 2019",Switch,75,/game/switch/neo-cab,21,7.0
575,Ghosts 'n Goblins Resurrection,"February 25, 2021",Switch,75,/game/switch/ghosts-n-goblins-resurrection,70,6.9
576,Shovel Knight Showdown,"December 10, 2019",Switch,75,/game/switch/shovel-knight-showdown,10,7.3
577,Shakedown Hawaii,"May 7, 2019",Switch,75,/game/switch/shakedown-hawaii,40,7.3
578,Pocket Rumble,"July 5, 2018",Switch,75,/game/switch/pocket-rumble,17,7.5
579,Doraemon: Story of Seasons,"October 11, 2019",Switch,75,/game/switch/doraemon-story-of-seasons,35,7.8
580,Black Future '88,"November 21, 2019",Switch,75,/game/switch/black-future-88,10,7.5
581,Bleed,"December 14, 2017",Switch,75,/game/switch/bleed,17,7.3
582,Disney Classic Games: Aladdin and the Lion King,"October 29, 2019",Switch,75,/game/switch/disney-classic-games-aladdin-and-the-lion-king,21,7.0
583,The Flame in the Flood,"October 12, 2017",Switch,75,/game/switch/the-flame-in-the-flood,41,7.4
584,The Stretchers,"November 8, 2019",Switch,75,/game/switch/the-stretchers,19,7.3
585,Broken Sword 5 - The Serpent's Curse,"September 21, 2018",Switch,75,/game/switch/broken-sword-5---the-serpent39s-curse,18,7.7
586,Jurassic World Evolution: Complete Edition,"November 3, 2020",Switch,75,/game/switch/jurassic-world-evolution-complete-edition,21,7.8
587,Super Mario Bros. 35,"October 1, 2020",Switch,75,/game/switch/super-mario-bros-35,73,7.4
588,Overland,"September 19, 2019",Switch,75,/game/switch/overland,6,6.7
589,Pato Box,"July 9, 2018",Switch,74,/game/switch/pato-box,13,7.5
590,Tricky Towers,"October 11, 2018",Switch,74,/game/switch/tricky-towers,10,7.4
591,Aegis Defenders,"February 8, 2018",Switch,74,/game/switch/aegis-defenders,24,7.0
592,Furi,"January 11, 2018",Switch,74,/game/switch/furi,48,7.1
593,Sky Force Reloaded,"February 1, 2018",Switch,74,/game/switch/sky-force-reloaded,24,7.5
594,Angry Video Game Nerd I & II Deluxe,"October 30, 2020",Switch,74,/game/switch/angry-video-game-nerd-i-ii-deluxe,8,8.5
595,Lode Runner Legacy,"March 29, 2018",Switch,74,/game/switch/lode-runner-legacy,6,7.5
596,Portal Knights,"November 22, 2017",Switch,74,/game/switch/portal-knights,47,7.7
597,Darksiders Genesis,"February 14, 2020",Switch,74,/game/switch/darksiders-genesis,32,7.5
598,The Raven Remastered,"January 22, 2019",Switch,74,/game/switch/the-raven-remastered,12,6.5
599,The Room,"October 18, 2018",Switch,74,/game/switch/the-room,13,7.5
